category,PROPN,VERB,NOUN,ADJ,ADV,AUX,NUM,ADP,INTJ,SCONJ,DET,PART,PRON,X,CCONJ,PUNCT
business,0.1213310119908781,0.2171436044563236,0.4401396074969553,0.13366518721953852,0.04050906059194233,0.015325764449130723,0.012489476308411598,0.008811292840620223,0.00041686079301635567,0.005165804336986996,0.0013077985663258217,0.0008991115143490024,0.002100651447160851,0.00010625863351397301,0.0005885093548466197,0.0
entertainment,0.16540054871183885,0.20566856493272268,0.4079377397881666,0.12218129351711172,0.04233388350257414,0.014264321706909179,0.016330188988599472,0.009935837878605703,0.0010165378687682404,0.003410320591996677,0.0020221452228185426,0.0029731000032791545,0.005498048903122848,0.0003716375004098943,0.000655830883076284,0.0
politics,0.13322330720212716,0.23213221473433274,0.41078714528033744,0.12599138128638884,0.041431715032320175,0.02369000137532664,0.009191766377848073,0.008847934717828817,0.0007449685967083849,0.003931141979553477,0.0018223077981020493,0.0028308806674918626,0.004664649520927887,0.00020629899601155274,0.0004813643240269564,2.2922110667950303e-05
sport,0.2072438731590197,0.21030851364936218,0.3515845362535258,0.1171883387501342,0.04626240740198519,0.01993968319034931,0.01635776261724202,0.00896944143511063,0.0009955201592832255,0.004977600796416127,0.002449760391961663,0.005016640802662529,0.008022721283635405,0.000156160024985604,0.0005172800827648133,9.76000156160025e-06
tech,0.08536660089949878,0.23145549686891093,0.4520042646536194,0.1313096653227289,0.04653129250867024,0.016114998590703547,0.01223024227644269,0.01218122326932268,0.000563718581880124,0.0037254445411208197,0.0021568363132804746,0.0012132204262202669,0.004374946385460963,0.000281859290940062,0.0004901900712001078,0.0
